piece	parent	retained_by
Industrial_Pod_Floor07		style/shared
Pod_Industrial_WallBlock09		style/shared
Pod_Industrial_WallBlock11		style/shared
Pod_Industrial_WallBlock08		style/shared
ID_a20_Industrial_Pod_Wall2		style/shared
Pod_Industrial_WallBlock02		style/shared
Pod_Industrial_WallBlock01		style/shared
ID_a96_Industrial_Wall1		style/shared
Industrial_Wall08		style/shared
ID_a18_Pod_Office_Industrial_Wall1		style/shared
Industrial_Wall28		style/shared
Industrial_Wall27		style/shared
ID_l4_Industrial_Pod_Floor_Block3		style/shared
ID_l4_Industrial_Pod_Floor_Block2		style/shared
ID_l4_Industrial_Pod_Floor_Block2Sub1	ID_l4_Industrial_Pod_Floor_Block2	style/shared
ID_l4_Industrial_Pod_Floor_Block4		style/shared
ID_l4_Industrial_Pod_Floor_Block6		style/shared
ID_l4_Industrial_Podl_Floor_Block_1		style/shared
ID_l4_Industrial_Pod_Floor_Block5		style/shared
Industrial_Wall21		style/shared
Industrial_Wall21Sub4	Industrial_Wall21	style/shared
Industrial_Wall21Sub2	Industrial_Wall21	style/shared
Industrial_Wall21Sub3	Industrial_Wall21	style/shared
Industrial_Wall21Sub1	Industrial_Wall21	style/shared
Trad_Industrial_Pod_Floor1		style/shared
Industrial_Pod_Wall2		style/shared
Industrial_Pod_Wall2Sub1	Industrial_Pod_Wall2	style/shared
Industrial_Wall12		style/shared
Pod_Office_Industrial_Wall1		style/shared
Pod_Office_Industrial_Wall1Spin1	Pod_Office_Industrial_Wall1	style/shared
Industrial_Pod_Floor10		style/shared
ID_a67_Pod_Office_Industrial_Wall04		style/shared
Office_Industrial_WallBlock2		style/shared
Industrial_Pod_Wall5		style/shared
Industrial_Pod_Wall5Sub1	Industrial_Pod_Wall5	style/shared
ID_a95_Industrial_Pod_WallFloor01		style/shared
Industrial_Office_Wall1		style/shared
Office_Industrial_WallBlock1		style/shared
ID_a8_Industrial_Pod_WallBlock01		style/shared
Pod_Office_Industrial_Floor11		style/shared
Industrial_Wall06		style/shared
Particle View 001		style/shared
Trad_Industrial_Office_Pod_Floor_Block4		style/shared
Trad_Industrial_Pod_Floor_Block02		style/shared
Industrial_Pod_Floor09		style/shared
Industrial_Pod_Floor20		style/shared
Industrial_Pod_Floor20Sub1	Industrial_Pod_Floor20	style/shared
Trad_Industrial_Pod_Floor02		style/shared
ID_a26_Office_Industrial_Pod_Wall01		style/shared
center		style/shared
LengthRef	center	style/shared
HeightRef	center	style/shared
Industrial_Pod_BaseDeco3		style/shared
Industrial_Pod_BaseDeco3Sub2	Industrial_Pod_BaseDeco3	style/shared
Industrial_Pod_BaseDeco3Sub8	Industrial_Pod_BaseDeco3	style/shared
Industrial_Pod_BaseDeco3Sub4	Industrial_Pod_BaseDeco3	style/shared
Industrial_Pod_BaseDeco3Sub5	Industrial_Pod_BaseDeco3	style/shared
Industrial_Pod_BaseDeco3Sub1	Industrial_Pod_BaseDeco3	style/shared
Industrial_Pod_BaseDeco3Sub9	Industrial_Pod_BaseDeco3	style/shared
Industrial_Pod_BaseDeco3Sub7	Industrial_Pod_BaseDeco3	style/shared
Industrial_Pod_BaseDeco3Sub3	Industrial_Pod_BaseDeco3	style/shared
Industrial_Pod_BaseDeco3Sub6	Industrial_Pod_BaseDeco3	style/shared
Industrial_Pod_BaseDeco3Sub010	Industrial_Pod_BaseDeco3	style/shared
Industrial_Pod_BaseDeco3Sub011	Industrial_Pod_BaseDeco3	style/shared
Industrial_Pod_Base02		style/shared
ID_l3_Industrial_Pod_OfficeFloorBlock1		style/shared
ID_l3_Industrial_Pod_OfficeFloorBlock1Sub1	ID_l3_Industrial_Pod_OfficeFloorBlock1	style/shared
ID_l3_Industrial_Pod_OfficeFloorBlock6		style/shared
ID_l3_Industrial_Pod_OfficeFloorBlock6Sub1	ID_l3_Industrial_Pod_OfficeFloorBlock6	style/shared
ID_l3_Industrial_Pod_OfficeFloorBlock5		style/shared
ID_l3_Industrial_Pod_OfficeFloorBlock4		style/shared
ID_l3_Industrial_Pod_OfficeFloorBlock3		style/shared
ID_l3_Industrial_Pod_OfficeFloorBlock2		style/shared
Trad_Industrial_Pod_Floor05		style/shared
ID_u98_Industrial_Pod_Wall2		style/shared
Roof74		style/shared
Roof74Sub1	Roof74	style/shared
Roof74Sub002	Roof74	style/shared
Roof74Sub003	Roof74	style/shared
Trad_Industrial_Office_Floor_WallBlock1		style/shared
Office_Pod_Industrial_Floor_Block19		style/shared
Industrial_Pod_Office_Wall_Floor05		style/shared
Trad_Industrial_Pod_Floor_Block04		style/shared
Industrial_Pod_Floor06		style/shared
Industrial_Office_Pod_Wall_Floor1		style/shared
Industrial_Office_Pod_Wall01		style/shared
Trad_Industrial_Pod_Floor_Block01		style/shared
Industrial_Pod_Floor01		style/shared
Industrial_Pod_Floor05		style/shared
Office_Pod_Industrial_Floor_Block14		style/shared
Office_Pod_Industrial_Floor_Block02		style/shared
Roof66		style/shared
Roof66Sub1	Roof66	style/shared
Roof65		style/shared
Industrial_Pod_Trad_RoofDeco01		style/shared
Industrial_Pod_Floor12		style/shared
Industrial_Pod_Floor13		style/shared
Industrial_Pod_Floor14		style/shared
Industrial_Pod_Floor15		style/shared
Industrial_Pod_Floor16		style/shared
Industrial_Pod_Floor3		style/shared
Industrial_Pod_WallFloor01		style/shared
Industrial_Pod_WallFloor02		style/shared
Office_Pod_Industrial_Floor_Block13		style/shared
Office_Pod_Industrial_Floor_Block12		style/shared
Office_Pod_Industrial_Floor_Block11		style/shared
Office_Pod_Industrial_Floor_Block10		style/shared
Office_Pod_Industrial_Floor_Block15		style/shared
Trad_Industrial_Office_Pod_Floor_Block1		style/shared
Industrial_Floor1		style/shared
Industrial_Floor1Sub1	Industrial_Floor1	style/shared
Industrial_Floor1Sub7	Industrial_Floor1	style/shared
Industrial_Floor1Sub8	Industrial_Floor1Sub7	style/shared
Industrial_Floor1Sub3	Industrial_Floor1	style/shared
Industrial_Floor1Sub4	Industrial_Floor1Sub3	style/shared
Industrial_Floor1Sub5	Industrial_Floor1	style/shared
Industrial_Floor1Sub6	Industrial_Floor1	style/shared
Industrial_Floor1Sub2	Industrial_Floor1	style/shared
Industrial_Pod_Office_Wall_Floor04		style/shared
Industrial_Pod_Office_Wall_Floor3		style/shared
Industrial_Pod_Office_Wall_Floor_Block3Sub1	Industrial_Pod_Office_Wall_Floor3	style/shared
Office_Pod_Industrial_Floor_Block01		style/shared
Office_Pod_Industrial_Floor_Block09		style/shared
Office_Pod_Industrial_Floor_Block07		style/shared
Office_Pod_Industrial_Floor_Block06		style/shared
Office_Pod_Industrial_Floor_Block05		style/shared
Industrial_Office_Pod_Wall02		style/shared
Industrial_Pod_Office_Wall_Floor02		style/shared
Trad_Industrial_Pod_Floor_Block03		style/shared
Trad_Industrial_Pod_Floor_Block05		style/shared
Trad_Industrial_Pod_Floor_Block07		style/shared
Industrial_Pod_Floor04		style/shared
Industrial_Pod_Floor08		style/shared
Office_Pod_Industrial_Floor_Block04		style/shared
Trad_Industrial_Pod_Floor_Block06		style/shared
Office_Industrial_Pod_BaseDeco04		style/shared
ID_a14_Pod_Industrial_WallBLock02		style/shared
Office_Industrial_Pod_Base3		style/shared
Pod_Industrial_WallBlock04		style/shared
Pod_Industrial_WallBlock13		style/shared
Office_Pod_Industrial_Floor_Block03		style/shared
Pod_Industrial_WallBlock06		style/shared
ID_A20_Industrial_Pod_Wall3		style/shared
Industrial_Office_Wall2		style/shared
Industrial_Pod_Floor17		style/shared
Office_Pod_Industrial_Floor_Block16		style/shared
Trad_Industrial_Pod_Floor03		style/shared
Trad_Industrial_Pod_Floor04		style/shared
Industrial_Wall03		style/shared
Industrial_Wall01		style/shared
Industrial_Wall02		style/shared
Industrial_Wall05		style/shared
Office_Industrial_Wall001		style/shared
Pod_Industrial_WallBlock03		style/shared
Industrial_Pod_Wall1		style/shared
Industrial_Wall13		style/shared
Industrial_Wall20		style/shared
Industrial_Wall14		style/shared
Industrial_Wall16		style/shared
Industrial_Wall17		style/shared
Industrial_Wall18		style/shared
Industrial_Wall19		style/shared
ID_u98_Industrial_Pod_Wall1		style/shared
Office_Industrial_WallBlock3		style/shared
Industrial_Wall04		style/shared
Industrial_Wall11		style/shared
Industrial_Wall10		style/shared
Industrial_Wall29		style/shared
Pod_Industrial_Wall1		style/shared
Pod_Office_Industrial_Floor05		style/shared
Industrial_Pod_Floor022		style/shared
Industrial_Pod_Wall4		style/shared
Pod_Office_Industrial_Floor04		style/shared
Industrial_Pod_Floor021		style/shared
ID_a94_Industrial_Pod_WallFloor1		style/shared
ID_u91_Industrial_Pod_Wall1		style/shared
ID_u91_Industrial_Pod_Wall1Sub02	ID_u91_Industrial_Pod_Wall1	style/shared
ID_u91_Industrial_Pod_Wall1Sub03	ID_u91_Industrial_Pod_Wall1	style/shared
ID_u91_Industrial_Pod_Wall1Sub04	ID_u91_Industrial_Pod_Wall1	style/shared
ID_u91_Industrial_Pod_Wall1Sub5	ID_u91_Industrial_Pod_Wall1	style/shared
ID_u91_Industrial_Pod_Wall1Sub6	ID_u91_Industrial_Pod_Wall1	style/shared
ID_u91_Industrial_Pod_Wall1Sub07	ID_u91_Industrial_Pod_Wall1	style/shared
ID_u91_Industrial_Pod_Wall1Sub01	ID_u91_Industrial_Pod_Wall1	style/shared
ID_u91_Industrial_Pod_Wall1Sub09	ID_u91_Industrial_Pod_Wall1	style/shared
ID_u91_Industrial_Pod_Wall1Sub10	ID_u91_Industrial_Pod_Wall1	style/shared
ID_u91_Industrial_Pod_Wall1Sub11	ID_u91_Industrial_Pod_Wall1	style/shared
ID_u91_Industrial_Pod_Wall1Sub08	ID_u91_Industrial_Pod_Wall1	style/shared
Industrial_Floor02		style/shared
Industrial_Floor03		style/shared
ID_l23_Industrial_Pod_Office_Floor1		style/shared
ID_l23_Industrial_Pod_Office_Floor2		style/shared
ID_l23_Industrial_Pod_Office_Floor3		style/shared
ID_l23_Industrial_Pod_Office_Floor4		style/shared
ID_l23_Industrial_Pod_Office_Floor5		style/shared
ID_l100_Industrial_RoofBlock1		style/shared
ID_l100_Industrial_RoofBlock1Sub28	ID_l100_Industrial_RoofBlock1	style/shared
ID_l100_Industrial_RoofBlock1Sub29	ID_l100_Industrial_RoofBlock1	style/shared
ID_l100_Industrial_RoofBlock1Sub25	ID_l100_Industrial_RoofBlock1	style/shared
ID_l100_Industrial_RoofBlock1Sub27	ID_l100_Industrial_RoofBlock1Sub25	style/shared
ID_l100_Industrial_RoofBlock1Sub26	ID_l100_Industrial_RoofBlock1Sub25	style/shared
ID_l100_Industrial_RoofBlock1Sub07	ID_l100_Industrial_RoofBlock1Sub25	style/shared
ID_l100_Industrial_RoofBlock1Sub08	ID_l100_Industrial_RoofBlock1Sub07	style/shared
ID_l100_Industrial_RoofBlock1Sub09	ID_l100_Industrial_RoofBlock1Sub08	style/shared
ID_l100_Industrial_RoofBlock1Sub10	ID_l100_Industrial_RoofBlock1Sub09	style/shared
ID_l100_Industrial_RoofBlock1Sub11	ID_l100_Industrial_RoofBlock1Sub10	style/shared
ID_l100_Industrial_RoofBlock1Sub12	ID_l100_Industrial_RoofBlock1Sub11	style/shared
ID_l100_Industrial_RoofBlock1Sub01	ID_l100_Industrial_RoofBlock1Sub25	style/shared
ID_l100_Industrial_RoofBlock1Sub02	ID_l100_Industrial_RoofBlock1Sub01	style/shared
ID_l100_Industrial_RoofBlock1Sub03	ID_l100_Industrial_RoofBlock1Sub02	style/shared
ID_l100_Industrial_RoofBlock1Sub04	ID_l100_Industrial_RoofBlock1Sub03	style/shared
ID_l100_Industrial_RoofBlock1Sub05	ID_l100_Industrial_RoofBlock1Sub04	style/shared
ID_l100_Industrial_RoofBlock1Sub06	ID_l100_Industrial_RoofBlock1Sub05	style/shared
ID_l100_Industrial_RoofBlock1Sub13	ID_l100_Industrial_RoofBlock1Sub25	style/shared
ID_l100_Industrial_RoofBlock1Sub14	ID_l100_Industrial_RoofBlock1Sub13	style/shared
ID_l100_Industrial_RoofBlock1Sub15	ID_l100_Industrial_RoofBlock1Sub14	style/shared
ID_l100_Industrial_RoofBlock1Sub16	ID_l100_Industrial_RoofBlock1Sub15	style/shared
ID_l100_Industrial_RoofBlock1Sub17	ID_l100_Industrial_RoofBlock1Sub16	style/shared
ID_l100_Industrial_RoofBlock1Sub18	ID_l100_Industrial_RoofBlock1Sub17	style/shared
ID_l100_Industrial_RoofBlock1Sub19	ID_l100_Industrial_RoofBlock1Sub25	style/shared
ID_l100_Industrial_RoofBlock1Sub20	ID_l100_Industrial_RoofBlock1Sub19	style/shared
ID_l100_Industrial_RoofBlock1Sub21	ID_l100_Industrial_RoofBlock1Sub20	style/shared
ID_l100_Industrial_RoofBlock1Sub22	ID_l100_Industrial_RoofBlock1Sub21	style/shared
ID_l100_Industrial_RoofBlock1Sub23	ID_l100_Industrial_RoofBlock1Sub22	style/shared
ID_l100_Industrial_RoofBlock1Sub24	ID_l100_Industrial_RoofBlock1Sub23	style/shared
Office_Pod_Industrial_Floor_Block18		style/shared
Industrial_Wall31		style/shared
Industrial_Wall31Spin1	Industrial_Wall31	style/shared
Industrial_Wall22		style/shared
Industrial_Wall23		style/shared
Industrial_Wall24		style/shared
Industrial_Pod_Wall3		style/shared
Industrial_Pod_Wall3Spin1	Industrial_Pod_Wall3	style/shared
Industrial_Wall25		style/shared
Industrial_Wall25Spin1	Industrial_Wall25	style/shared
ID_u92_Industrial_Pod_Wall3		style/shared
ID_u92_Industrial_Pod_Wall1		style/shared
Industrial_Pod_Floor02		style/shared
Industrial_Pod_Floor11		style/shared
Industrial_Wall30		style/shared
Pod_Office_Industrial_Floor01		style/shared
Pod_Office_Industrial_Floor02		style/shared
Pod_Office_Industrial_Floor03		style/shared
Pod_Office_Industrial_Floor07		style/shared
Pod_Office_Industrial_Floor10		style/shared
Pod_Office_Industrial_Floor09		style/shared
Pod_Office_Industrial_Floor08		style/shared
ID_a67_Pod_Office_Industrial_Wall03		style/shared
ID_a67_Pod_Office_Industrial_Wall02		style/shared
ID_a67_Pod_Office_Industrial_Wall01		style/shared
Industrial_Wall07		style/shared
Industrial_Wall26		style/shared
Industrial_Wall26Spin1	Industrial_Wall26	style/shared
Pod_Industrial_Wall2		style/shared
Pod_Office_Industrial_Floor06		style/shared
RobotShed		style/shared
Robot_Portal	RobotShed	style/shared
Robot_Service	Robot_Portal	style/shared
Robot		style/shared
Roof71		style/shared
Roof73		style/shared
Roof79		style/shared
Roof79Sub1	Roof79	style/shared
Roof80		style/shared
Roof80Sub1	Roof80	style/shared
Roof76		style/shared
Roof76Sub1	Roof76	style/shared
Roof75		style/shared
Roof77		style/shared
Roof77Sub1	Roof77	style/shared
ID_a1_Office_Industrial_Pod_Wall04		style/shared
Roof48		style/shared
Roof48Sub1	Roof48	style/shared
Roof60		style/shared
Roof60Spin1	Roof60	style/shared
Roof43		style/shared
Roof44		style/shared
Roof78		style/shared
Roof56		style/shared
ID_l101_Office_Pod_Industrial_Roof06		style/shared
ID_u97_Industrial_Pod_Wall01		style/shared
ID_u97_Industrial_Pod_Wall02		style/shared
ID_u97_Industrial_Pod_Wall03		style/shared
ID_u97_Industrial_Pod_Wall04		style/shared
 Pod_Industrial_StreetYard_Deco01		style/shared
 Pod_Industrial_StreetYard_Deco02		style/shared
Roof70		style/shared
Roof81		style/shared
Roof81Sub1	Roof81	style/shared
Roof68		style/shared
Industrial_Wall09		style/shared
ID_a19_Industrial_Office_Pod_WallBlock3		style/shared
ID_a19_Industrial_Office_Pod_WallBlock3Sub5	ID_a19_Industrial_Office_Pod_WallBlock3	style/shared
ID_a19_Industrial_Office_Pod_WallBlock3Sub02	ID_a19_Industrial_Office_Pod_WallBlock3	style/shared
ID_a19_Industrial_Office_Pod_WallBlock3Sub03	ID_a19_Industrial_Office_Pod_WallBlock3	style/shared
ID_a19_Industrial_Office_Pod_WallBlock3Sub06	ID_a19_Industrial_Office_Pod_WallBlock3	style/shared
ID_a19_Industrial_Office_Pod_WallBlock3Sub01	ID_a19_Industrial_Office_Pod_WallBlock3	style/shared
ID_a19_Industrial_Office_Pod_WallBlock3Sub04	ID_a19_Industrial_Office_Pod_WallBlock3	style/shared
ID_a19_Industrial_Office_Pod_WallBlock3Sub7	ID_a19_Industrial_Office_Pod_WallBlock3	style/shared
ID_a19_Industrial_Office_Pod_WallBlock3Sub08	ID_a19_Industrial_Office_Pod_WallBlock3	style/shared
ID_a19_Industrial_Office_Pod_WallBlock2		style/shared
ID_a19_Industrial_Office_Pod_WallBlock2Sub08	ID_a19_Industrial_Office_Pod_WallBlock2	style/shared
ID_a19_Industrial_Office_Pod_WallBlock2Sub01	ID_a19_Industrial_Office_Pod_WallBlock2	style/shared
ID_a19_Industrial_Office_Pod_WallBlock2Sub5	ID_a19_Industrial_Office_Pod_WallBlock2	style/shared
ID_a19_Industrial_Office_Pod_WallBlock2Sub03	ID_a19_Industrial_Office_Pod_WallBlock2	style/shared
ID_a19_Industrial_Office_Pod_WallBlock2Sub04	ID_a19_Industrial_Office_Pod_WallBlock2	style/shared
ID_a19_Industrial_Office_Pod_WallBlock2Sub02	ID_a19_Industrial_Office_Pod_WallBlock2	style/shared
ID_a19_Industrial_Office_Pod_WallBlock2Sub06	ID_a19_Industrial_Office_Pod_WallBlock2	style/shared
ID_a19_Industrial_Office_Pod_WallBlock2Sub07	ID_a19_Industrial_Office_Pod_WallBlock2	style/shared
Roof87		style/shared
Roof85		style/shared
Roof86		style/shared
Roof88		style/shared
Roof82		style/shared
Roof82Sub5	Roof82	style/shared
Roof82Sub4	Roof82	style/shared
Roof82Sub6	Roof82	style/shared
Roof82Sub3	Roof82	style/shared
Roof82Sub2	Roof82	style/shared
Roof82Sub1	Roof82	style/shared
Roof82Sub7	Roof82	style/shared
Roof82Sub08	Roof82	style/shared
Roof82Sub09	Roof82	style/shared
Roof82Sub10	Roof82	style/shared
Roof83		style/shared
Roof83Sub1	Roof83	style/shared
Roof83Sub2	Roof83	style/shared
Roof83Sub3	Roof83	style/shared
Roof83Sub4	Roof83	style/shared
Roof52		style/shared
Roof52Sub1	Roof52	style/shared
Roof54		style/shared
Roof54Sub1	Roof54	style/shared
Roof55		style/shared
Roof55Sub1	Roof55	style/shared
Roof51		style/shared
Roof51Sub1	Roof51	style/shared
Roof84		style/shared
Roof84Spin2	Roof84	style/shared
Roof84Spin1	Roof84	style/shared
Roof69		style/shared
Roof58		style/shared
Roof63		style/shared
Roof63Sub1	Roof63	style/shared
Roof63Sub2	Roof63	style/shared
Roof63Sub3	Roof63	style/shared
Roof63Sub4	Roof63	style/shared
Roof57		style/shared
ID_a1_Office_Industrial_Pod_Wall01		style/shared
Roof50		style/shared
Roof53		style/shared
Roof53Sub1	Roof53	style/shared
Roof72		style/shared
Roof59		style/shared
Industrial_Pod_Trad_RoofDeco02		style/shared
Industrial_Pod_Trad_RoofDeco03		style/shared
Industrial_Pod_Trad_RoofDeco04		style/shared
Industrial_Pod_Trad_RoofDeco05		style/shared
Industrial_Pod_Trad_RoofDeco06		style/shared
Industrial_Pod_Trad_RoofDeco07		style/shared
Industrial_Pod_Trad_RoofDeco08		style/shared
Industrial_Pod_Trad_RoofDeco09		style/shared
Industrial_Pod_Trad_RoofDeco10		style/shared
Roof67		style/shared
Office_Pod_Industrial_Roof1		style/shared
Roof62		style/shared
Roof62Sub1	Roof62	style/shared
Office_Pod_Industrial_Roof2		style/shared
Industrial_Pod_Office_Wall_Floor01		style/shared
Roof27		style/shared
Roof27Sub1	Roof27	style/shared
Roof27Sub2	Roof27	style/shared
Roof28		style/shared
Roof28Sub1	Roof28	style/shared
Roof28Sub2	Roof28	style/shared
Roof29		style/shared
Roof29Sub2	Roof29	style/shared
Roof29Sub1	Roof29	style/shared
Roof30		style/shared
Roof30Sub1	Roof30	style/shared
Roof31		style/shared
Roof31Sub1	Roof31	style/shared
Roof32		style/shared
Roof32Sub3	Roof32	style/shared
Roof32Sub2	Roof32	style/shared
Roof32Sub1	Roof32	style/shared
Roof32Sub4	Roof32	style/shared
Roof32Sub5	Roof32	style/shared
Roof32Sub6	Roof32	style/shared
Roof33		style/shared
Roof33Sub1	Roof33	style/shared
Roof33Sub2	Roof33	style/shared
Roof33Sub3	Roof33	style/shared
Roof33Sub4	Roof33	style/shared
Roof33Sub5	Roof33	style/shared
Roof33Sub6	Roof33	style/shared
Roof34		style/shared
Roof34Sub1	Roof34	style/shared
Roof34Sub2	Roof34	style/shared
Roof34Sub3	Roof34	style/shared
Roof34Sub4	Roof34	style/shared
Roof34Sub5	Roof34	style/shared
Roof34Sub6	Roof34	style/shared
Roof35		style/shared
Industrial_Pod_Trad_RoofDeco28		style/shared
Industrial_Pod_Trad_RoofDeco12		style/shared
Industrial_Pod_Trad_RoofDeco13		style/shared
Industrial_Pod_Trad_RoofDeco14		style/shared
Industrial_Pod_Trad_RoofDeco15		style/shared
Industrial_Pod_Trad_RoofDeco16		style/shared
Industrial_Pod_Trad_RoofDeco17		style/shared
Industrial_Pod_Trad_RoofDeco17Sub1	Industrial_Pod_Trad_RoofDeco17	style/shared
Industrial_Pod_Trad_RoofDeco18		style/shared
Industrial_Pod_Trad_RoofDeco18Sub1	Industrial_Pod_Trad_RoofDeco18	style/shared
Industrial_Pod_Trad_RoofDeco19		style/shared
Industrial_Pod_Trad_RoofDeco20		style/shared
Industrial_Pod_Trad_RoofDeco21		style/shared
Industrial_Pod_Trad_RoofDeco22		style/shared
Industrial_Pod_Trad_RoofDeco33		style/shared
Industrial_Pod_Trad_RoofDeco24		style/shared
Industrial_Pod_Trad_RoofDeco25		style/shared
Industrial_Pod_Trad_RoofDeco26		style/shared
Industrial_Pod_Trad_RoofDeco27		style/shared
Industrial_Pod_Trad_RoofDeco11		style/shared
ID_u5_Industrial_WallBlock1		style/shared
ID_u5_Industrial_WallBlock2		style/shared
ID_u5_Industrial_WallBlock3		style/shared
ID_u5_Industrial_WallBlock4		style/shared
ID_u5_Industrial_WallBlock4Sub1	ID_u5_Industrial_WallBlock4	style/shared
Office_Pod_Industrial_Roof5		style/shared
Office_Pod_Industrial_Roof5Spin1	Office_Pod_Industrial_Roof5	style/shared
Office_Pod_Industrial_Roof3		style/shared
Roof61		style/shared
Roof61Spin1	Roof61	style/shared
 Pod_Industrial_StreetYard_Deco47		style/shared
 Pod_Industrial_StreetYard_Deco46		style/shared
 Pod_Industrial_StreetYard_Deco46Sub1	 Pod_Industrial_StreetYard_Deco46	style/shared
 Pod_Industrial_StreetYard_Deco45		style/shared
 Pod_Industrial_StreetYard_Deco43		style/shared
 Pod_Industrial_StreetYard_Deco42		style/shared
 Pod_Industrial_StreetYard_Deco41		style/shared
 Pod_Industrial_StreetYard_Deco40		style/shared
 Pod_Industrial_StreetYard_Deco39		style/shared
 Pod_Industrial_StreetYard_Deco38		style/shared
 Pod_Industrial_StreetYard_Deco36		style/shared
 Pod_Industrial_StreetYard_Deco35		style/shared
 Pod_Industrial_StreetYard_Deco34		style/shared
 Pod_Industrial_StreetYard_Deco33		style/shared
 Pod_Industrial_StreetYard_Deco32		style/shared
 Pod_Industrial_StreetYard_Deco31		style/shared
 Pod_Industrial_StreetYard_Deco30		style/shared
 Pod_Industrial_StreetYard_Deco24		style/shared
 Pod_Industrial_StreetYard_Deco22		style/shared
 Pod_Industrial_StreetYard_Deco21		style/shared
 Pod_Industrial_StreetYard_Deco20		style/shared
 Pod_Industrial_StreetYard_Deco23		style/shared
 Pod_Industrial_StreetYard_Deco48		style/shared
 Pod_Industrial_StreetYard_Deco48Sub1	 Pod_Industrial_StreetYard_Deco48	style/shared
 Pod_Industrial_StreetYard_Deco25		style/shared
 Pod_Industrial_StreetYard_Deco26		style/shared
 Pod_Industrial_StreetYard_Deco27		style/shared
 Pod_Industrial_StreetYard_Deco28		style/shared
 Pod_Industrial_StreetYard_Deco28Sub1	 Pod_Industrial_StreetYard_Deco28	style/shared
 Pod_Industrial_StreetYard_Deco29		style/shared
Roof25		style/shared
Roof24		style/shared
Roof23		style/shared
Roof26		style/shared
Roof05		style/shared
Roof05Sub1	Roof05	style/shared
Roof06		style/shared
Roof07		style/shared
Roof08		style/shared
Roof09		style/shared
Roof10		style/shared
Roof11		style/shared
Roof12		style/shared
Roof13		style/shared
Roof01		style/shared
Roof01Sub1	Roof01	style/shared
Roof15		style/shared
Roof16		style/shared
Roof17		style/shared
Roof18		style/shared
Roof19		style/shared
Roof20		style/shared
Roof21		style/shared
Roof22		style/shared
Roof04		style/shared
Roof03		style/shared
Roof02		style/shared
Roof14		style/shared
Industrial_Pod_BaseDeco01		style/shared
Office_Industrial_Pod_BaseDeco03		style/shared
Office_Industrial_Pod_BaseDeco02		style/shared
Industrial_Pod_Base04		style/shared
Industrial_Pod_Base03		style/shared
Industrial_Pod_BaseDeco02		style/shared
Office_Industrial_Pod_BaseDeco01		style/shared
Industrial_Pod_Base01		style/shared
Office_Industrial_Pod_Base2		style/shared
Office_Industrial_Pod_Base1		style/shared
Office_Industrial_Pod_Base1Sub2	Office_Industrial_Pod_Base1	style/shared
Office_Industrial_Pod_Base1Sub1	Office_Industrial_Pod_Base1	style/shared
Office_Industrial_Pod_Base4		style/shared
Office_Industrial_Pod_Base4Sub2	Office_Industrial_Pod_Base4	style/shared
Office_Industrial_Pod_Base4Sub1	Office_Industrial_Pod_Base4	style/shared
 Pod_Industrial_StreetYard_Deco19		style/shared
 Pod_Industrial_StreetYard_Deco18		style/shared
 Pod_Industrial_StreetYard_Deco17		style/shared
 Pod_Industrial_StreetYard_Deco16		style/shared
 Pod_Industrial_StreetYard_Deco15		style/shared
 Pod_Industrial_StreetYard_Deco14		style/shared
 Pod_Industrial_StreetYard_Deco13		style/shared
 Pod_Industrial_StreetYard_Deco12		style/shared
 Pod_Industrial_StreetYard_Deco11		style/shared
 Pod_Industrial_StreetYard_Deco10		style/shared
 Pod_Industrial_StreetYard_Deco09		style/shared
 Pod_Industrial_StreetYard_Deco08		style/shared
 Pod_Industrial_StreetYard_Deco07		style/shared
 Pod_Industrial_StreetYard_Deco06		style/shared
 Pod_Industrial_StreetYard_Deco05		style/shared
 Pod_Industrial_StreetYard_Deco04		style/shared
 Pod_Industrial_StreetYard_Deco03		style/shared
ID_u11_Office_Industrial_WallBlock04		style/shared
ID_u11_Office_Industrial_WallBlock01		style/shared
ID_u11_Office_Industrial_WallBlock02		style/shared
ID_u11_Office_Industrial_WallBlock03		style/shared
ID_a1_Office_Industrial_Pod_Wall2		style/shared
ID_a1_Office_Industrial_Pod_Wall2Sub1	ID_a1_Office_Industrial_Pod_Wall2	style/shared
ID_a1_Office_Industrial_Pod_Wall3		style/shared
ID_a1_Office_Industrial_Pod_Wall3Sub1	ID_a1_Office_Industrial_Pod_Wall3	style/shared
Industrial_Pod_Floor023		style/shared
Office_Pod_Trad_Industrial_FloorBlock1		style/shared
Office_Pod_Trad_Industrial_FloorBlock1Sub1	Office_Pod_Trad_Industrial_FloorBlock1	style/shared
Office_Pod_Trad_Industrial_FloorBlock1Sub2	Office_Pod_Trad_Industrial_FloorBlock1	style/shared
Office_Pod_Trad_Industrial_FloorBlock1Sub3	Office_Pod_Trad_Industrial_FloorBlock1	style/shared
Office_Pod_Trad_Industrial_FloorBlock1Sub4	Office_Pod_Trad_Industrial_FloorBlock1	style/shared
Office_Pod_Trad_Industrial_FloorBlock1Sub5	Office_Pod_Trad_Industrial_FloorBlock1	style/shared
 Pod_Industrial_StreetYard_Floor_Deco2		style/shared
Office_Pod_Industrial_Floor_Block08		style/shared
ID_a8_Industrial_Pod_WallBlock02		style/shared
ID_a8_Industrial_Pod_WallBlock03		style/shared
ID_a8_Industrial_Pod_WallBlock04		style/shared
ID_a8_Industrial_Pod_WallBlock05		style/shared
ID_a8_Industrial_Pod_WallBlock06		style/shared
Pod_Industrial_WallBlock05		style/shared
Pod_Industrial_WallBlock07		style/shared
Pod_Industrial_WallBlock10		style/shared
Pod_Industrial_WallBlock12		style/shared
Pod_Industrial_WallBlock14		style/shared
ID_a14_Pod_Industrial_WallBLock03		style/shared
ID_a14_Pod_Industrial_WallBLock04		style/shared
ID_a14_Pod_Industrial_WallBLock01		style/shared
Industrial_Office_Pod_Wall_Floor2		style/shared
ID_a18_Pod_Office_Industrial_Wall2		style/shared
ID_a18_Pod_Office_Industrial_Wall3		style/shared
ID_a18_Pod_Office_Industrial_Wall4		style/shared
ID_a20_Industrial_Pod_Wall4		style/shared
ID_a20_Industrial_Pod_Wall1		style/shared
Trad_Industrial_Office_Pod_Floor_Block002		style/shared
Trad_Industrial_Office_Pod_Floor_Block003		style/shared
ID_a19_Industrial_Office_Pod_WallBlock4		style/shared
ID_a19_Industrial_Office_Pod_WallBlock4Sub04	ID_a19_Industrial_Office_Pod_WallBlock4	style/shared
ID_a19_Industrial_Office_Pod_WallBlock4Sub7	ID_a19_Industrial_Office_Pod_WallBlock4	style/shared
ID_a19_Industrial_Office_Pod_WallBlock4Sub06	ID_a19_Industrial_Office_Pod_WallBlock4	style/shared
ID_a19_Industrial_Office_Pod_WallBlock4Sub5	ID_a19_Industrial_Office_Pod_WallBlock4	style/shared
ID_a19_Industrial_Office_Pod_WallBlock4Sub08	ID_a19_Industrial_Office_Pod_WallBlock4	style/shared
ID_a19_Industrial_Office_Pod_WallBlock4Sub03	ID_a19_Industrial_Office_Pod_WallBlock4	style/shared
ID_a19_Industrial_Office_Pod_WallBlock4Sub02	ID_a19_Industrial_Office_Pod_WallBlock4	style/shared
ID_a19_Industrial_Office_Pod_WallBlock4Sub01	ID_a19_Industrial_Office_Pod_WallBlock4	style/shared
ID_a19_Industrial_Office_Pod_WallBlock5		style/shared
ID_a19_Industrial_Office_Pod_WallBlock5Sub01	ID_a19_Industrial_Office_Pod_WallBlock5	style/shared
ID_a19_Industrial_Office_Pod_WallBlock5Sub08	ID_a19_Industrial_Office_Pod_WallBlock5	style/shared
ID_a19_Industrial_Office_Pod_WallBlock5Sub7	ID_a19_Industrial_Office_Pod_WallBlock5	style/shared
ID_a19_Industrial_Office_Pod_WallBlock5Sub6	ID_a19_Industrial_Office_Pod_WallBlock5	style/shared
ID_a19_Industrial_Office_Pod_WallBlock5Sub03	ID_a19_Industrial_Office_Pod_WallBlock5	style/shared
ID_a19_Industrial_Office_Pod_WallBlock5Sub5	ID_a19_Industrial_Office_Pod_WallBlock5	style/shared
ID_a19_Industrial_Office_Pod_WallBlock5Sub04	ID_a19_Industrial_Office_Pod_WallBlock5	style/shared
ID_a19_Industrial_Office_Pod_WallBlock5Sub02	ID_a19_Industrial_Office_Pod_WallBlock5	style/shared
ID_a26_Office_Industrial_Pod_Wall02		style/shared
ID_a26_Office_Industrial_Pod_Wall03		style/shared
ID_a26_Office_Industrial_Pod_Wall04		style/shared
Industrial_Office_Pod_Wall03		style/shared
ID_u91_Industrial_Pod_Wall4		style/shared
ID_u92_Industrial_Pod_Wall2		style/shared
ID_u93_Industrial_Pod_Wall2		style/shared
ID_a94_Industrial_Pod_WallFloor002		style/shared
ID_a94_Industrial_Pod_WallFloor003		style/shared
ID_a94_Industrial_Pod_WallFloor004		style/shared
ID_a95_Industrial_Pod_WallFloor02		style/shared
ID_a95_Industrial_Pod_WallFloor03		style/shared
ID_a95_Industrial_Pod_WallFloor04		style/shared
ID_a96_Industrial_Wall2		style/shared
ID_a96_Industrial_Wall3		style/shared
ID_a96_Industrial_Wall004		style/shared
ID_l100_Industrial_RoofBlock3		style/shared
ID_l100_Industrial_RoofBlock3Sub1	ID_l100_Industrial_RoofBlock3	style/shared
ID_l100_Industrial_RoofBlock3Sub2	ID_l100_Industrial_RoofBlock3	style/shared
Roof41		style/shared
Roof40		style/shared
Roof37		style/shared
Roof39		style/shared
Roof36		style/shared
Roof38		style/shared
Roof46		style/shared
Roof47		style/shared
Roof49		style/shared
Roof49Sub1	Roof49	style/shared
ID_l101_Office_Pod_Industrial_Roof01		style/shared
ID_l101_Office_Pod_Industrial_Roof02		style/shared
ID_l101_Office_Pod_Industrial_Roof03		style/shared
ID_l101_Office_Pod_Industrial_Roof04		style/shared
ID_l101_Office_Pod_Industrial_Roof05		style/shared
Office_Pod_Industrial_Roof4		style/shared
Office_Pod_Industrial_Roof4Spin1	Office_Pod_Industrial_Roof4	style/shared
Roof64		style/shared
Roof089		style/shared
Roof89Spin1	Roof089	style/shared
Roof89Spin2	Roof089	style/shared
Icon		style/shared
ErrorIcon	Icon	style/shared
 Pod_Industrial_StreetYard_Floor_Deco01		style/shared
ID_u91_Industrial_Pod_Wall002		style/shared
ID_u91_Industrial_Pod_Wall2Sub1	ID_u91_Industrial_Pod_Wall002	style/shared
ID_u91_Industrial_Pod_Wall003		style/shared
Trad_Pod_Industrial_Street_Deco17		style/shared
Trad_Pod_Industrial_Street_Deco15		style/shared
Trad_Pod_Industrial_Street_Deco13		style/shared
Trad_Pod_Industrial_Street_Deco04		style/shared
Trad_Pod_Industrial_Street_Deco05		style/shared
Trad_Pod_Industrial_Street_Deco06		style/shared
Trad_Pod_Industrial_Street_Deco07		style/shared
Trad_Pod_Industrial_Street_Deco08		style/shared
Trad_Pod_Industrial_Street_Deco09		style/shared
Trad_Pod_Industrial_Street_Deco01		style/shared
Trad_Pod_Industrial_Street_Deco18		style/shared
Trad_Pod_Industrial_Street_Deco12		style/shared
Trad_Pod_Industrial_Street_Deco11		style/shared
Trad_Pod_Industrial_Street_Deco03		style/shared
Trad_Pod_Industrial_Street_Deco14		style/shared
Trad_Pod_Industrial_Street_Deco02		style/shared
Trad_Pod_Industrial_Street_Deco16		style/shared
Trad_Pod_Industrial_Street_Deco10		style/shared
Trad_Pod_Industrial_Street_Deco019		style/shared
Trad_Pod_Industrial_Street_Deco19Spin1	Trad_Pod_Industrial_Street_Deco019	style/shared
Trad_Pod_Industrial_Street_Deco020		style/shared
Roof045		style/shared
Trad_Pod_Industrial_Street_Deco021		style/shared
Trad_Pod_Industrial_Street_Deco022		style/shared
Trad_Pod_Industrial_Street_Deco023		style/shared
Trad_Pod_Industrial_Street_Deco024		style/shared
Industrial_Pod_Floor018		style/shared
Industrial_Pod_Floor019		style/shared
Roof042		style/shared
 Pod_Industrial_StreetYard_Deco052		style/shared
 Pod_Industrial_StreetYard_Deco049		style/shared
 Pod_Industrial_StreetYard_Deco050		style/shared
 Pod_Industrial_StreetYard_Deco051		style/shared
 Pod_Industrial_StreetYard_Deco053		style/shared
 Pod_Industrial_StreetYard_Deco054		style/shared
 Pod_Industrial_StreetYard_Deco055		style/shared
 Pod_Industrial_StreetYard_Deco056		style/shared
 Pod_Industrial_StreetYard_Deco057		style/shared
 Pod_Industrial_StreetYard_Deco058		style/shared
 Pod_Industrial_StreetYard_Deco059		style/shared
 Pod_Industrial_StreetYard_Deco060		style/shared
Office_Pod_Industrial_Roof06		style/shared
Office_Pod_Industrial_Roof07		style/shared
Office_Pod_Industrial_Roof08		style/shared
Office_Pod_Industrial_Roof09		style/shared
Office_Pod_Industrial_Roof10		style/shared
Office_Pod_Industrial_Roof11		style/shared
Office_Pod_Industrial_Roof12		style/shared
ID_a19_Industrial_Office_Pod_WallBlock01		style/shared
ID_a19_Industrial_Office_Pod_WallBlock006		style/shared
Trad_Pod_Industrial_Street_Deco025		style/shared
Trad_Pod_Industrial_Street_Deco026		style/shared
Trad_Pod_Industrial_Street_Deco027		style/shared
Trad_Pod_Industrial_Street_Deco028		style/shared
Trad_Pod_Industrial_Street_Deco029		style/shared
Trad_Pod_Industrial_Street_Deco030		style/shared
Trad_Pod_Industrial_Street_Deco031		style/shared
Trad_Pod_Industrial_Street_Deco032		style/shared
Trad_Pod_Industrial_Street_Deco033		style/shared
Trad_Pod_Industrial_Street_Deco034		style/shared
Trad_Pod_Industrial_Street_Deco035		style/shared
Trad_Pod_Industrial_Street_Deco036		style/shared
Trad_Pod_Industrial_Street_Deco037		style/shared
Trad_Pod_Industrial_Street_Deco038		style/shared
Trad_Pod_Industrial_Street_Deco039		style/shared
Trad_Pod_Industrial_Street_Deco040		style/shared
Trad_Pod_Industrial_Street_Deco041		style/shared
Trad_Pod_Industrial_Street_Deco042		style/shared
Trad_Pod_Industrial_Street_Deco043		style/shared
Office_Pod_Industrial_Floor_Block017		style/shared
Office_Industrial_Pod_BaseDeco05		style/shared
Office_Pod_Industrial_Roof13		style/shared
Industrial_Wall15		style/shared
Pod_Industrial_WallBlock15		style/shared
Pod_Industrial_WallBlock016		style/shared
Pod_Industrial_WallBlock017		style/shared
Pod_Industrial_WallBlock018		style/shared
Roof90		style/shared
Roof091		style/shared
Office_Pod_Industrial_RoofDay17		style/shared
Office_Pod_Industrial_RoofNight17	Office_Pod_Industrial_RoofDay17	style/shared
Office_Pod_Industrial_RoofDay16		style/shared
Office_Pod_Industrial_RoofNight16	Office_Pod_Industrial_RoofDay16	style/shared
Office_Pod_Industrial_RoofDay10		style/shared
Office_Pod_Industrial_RoofNight10	Office_Pod_Industrial_RoofDay10	style/shared
Office_Pod_Industrial_RoofDay15		style/shared
Office_Pod_Industrial_RoofNight15	Office_Pod_Industrial_RoofDay15	style/shared
Office_Pod_Industrial_RoofDay11		style/shared
Office_Pod_Industrial_RoofNight11	Office_Pod_Industrial_RoofDay11	style/shared
Office_Pod_Industrial_RoofDay14		style/shared
Office_Pod_Industrial_RoofNight14	Office_Pod_Industrial_RoofDay14	style/shared
Office_Pod_Industrial_RoofDay12		style/shared
Office_Pod_Industrial_RoofNight12	Office_Pod_Industrial_RoofDay12	style/shared
Office_Pod_Industrial_RoofDay09		style/shared
Office_Pod_Industrial_RoofNight09	Office_Pod_Industrial_RoofDay09	style/shared
Office_Pod_Industrial_RoofDay13		style/shared
Office_Pod_Industrial_RoofNight13	Office_Pod_Industrial_RoofDay13	style/shared
Office_Pod_Industrial_RoofDay06		style/shared
Office_Pod_Industrial_RoofNight06	Office_Pod_Industrial_RoofDay06	style/shared
Office_Pod_Industrial_RoofDay07		style/shared
Office_Pod_Industrial_RoofNight07	Office_Pod_Industrial_RoofDay07	style/shared
Office_Pod_Industrial_RoofDay01		style/shared
Office_Pod_Industrial_RoofNight01	Office_Pod_Industrial_RoofDay01	style/shared
Office_Pod_Industrial_RoofDay02		style/shared
Office_Pod_Industrial_RoofNight02	Office_Pod_Industrial_RoofDay02	style/shared
Office_Pod_Industrial_RoofDay08		style/shared
Office_Pod_Industrial_RoofNight08	Office_Pod_Industrial_RoofDay08	style/shared
Office_Pod_Industrial_RoofDay05		style/shared
Office_Pod_Industrial_RoofNight05	Office_Pod_Industrial_RoofDay05	style/shared
Office_Pod_Industrial_RoofDay03		style/shared
Office_Pod_Industrial_RoofNight03	Office_Pod_Industrial_RoofDay03	style/shared
Office_Pod_Industrial_RoofDay04		style/shared
Office_Pod_Industrial_RoofNight04	Office_Pod_Industrial_RoofDay04	style/shared
Office_Pod_Industrial_RoofDay18		style/shared
Office_Pod_Industrial_RoofNight18	Office_Pod_Industrial_RoofDay18	style/shared
Office_Pod_Industrial_RoofDay19		style/shared
Office_Pod_Industrial_RoofNight19	Office_Pod_Industrial_RoofDay19	style/shared
Industrial_Pod_Floor24		style/shared
Industrial_Pod_Floor24Sub1	Industrial_Pod_Floor24	style/shared
Industrial_Pod_Floor26		style/shared
Industrial_Pod_Floor26Sub1	Industrial_Pod_Floor26	style/shared
Industrial_Pod_Floor027		style/shared
Industrial_Pod_Floor027Sub1	Industrial_Pod_Floor027	style/shared
Industrial_Pod_Floor028		style/shared
Industrial_Pod_Floor028Sub1	Industrial_Pod_Floor028	style/shared
Industrial_Pod_Floor029		style/shared
Industrial_Pod_Floor029Sub1	Industrial_Pod_Floor029	style/shared
Industrial_Pod_Floor029Sub2	Industrial_Pod_Floor029	style/shared
Industrial_Pod_Floor030		style/shared
Industrial_Pod_Floor030Sub1	Industrial_Pod_Floor030	style/shared
Industrial_Pod_Floor031		style/shared
Industrial_Pod_Floor031Sub1	Industrial_Pod_Floor031	style/shared
Industrial_Pod_Floor032		style/shared
Industrial_Pod_Floor032Sub1	Industrial_Pod_Floor032	style/shared
Placeable6		style/shared
Industrial_Pod_Floor25		style/shared
Industrial_Pod_Floor25Sub1	Industrial_Pod_Floor25	style/shared
Industrial_Pod_BaseDeco4		style/shared
Industrial_Pod_Trad_RoofDeco29		style/shared
Industrial_Pod_Trad_RoofDeco030		style/shared
Industrial_Pod_Trad_RoofDeco031		style/shared
Roof092		style/shared
Roof92Spin1	Roof092	style/shared
Industrial_Pod_BaseDeco5		style/shared
Industrial_Pod_BaseDeco006		style/shared
Trad_Pod_Industrial_Street_Deco44		style/shared
Trad_Pod_Industrial_Street_Deco44Sub1	Trad_Pod_Industrial_Street_Deco44	style/shared
Trad_Pod_Industrial_Street_Deco045		style/shared
Trad_Pod_Industrial_Street_Deco46		style/shared
Trad_Pod_Industrial_Street_Deco46Sub1	Trad_Pod_Industrial_Street_Deco46	style/shared
Trad_Pod_Industrial_Street_Deco46Sub2	Trad_Pod_Industrial_Street_Deco46	style/shared
Trad_Pod_Industrial_Street_Deco047		style/shared
Trad_Pod_Industrial_Street_Deco48		style/shared
Trad_Pod_Industrial_Street_Deco48Sub2	Trad_Pod_Industrial_Street_Deco48	style/shared
Trad_Pod_Industrial_Street_Deco48Sub1	Trad_Pod_Industrial_Street_Deco48	style/shared
Office_Pod_Industrial_RoofDay020		style/shared
Office_Pod_Industrial_RoofNight020	Office_Pod_Industrial_RoofDay020	style/shared
Trad_Pod_Industrial_Street_Deco049		style/shared
Trad_Pod_Industrial_Street_Deco49Sub2	Trad_Pod_Industrial_Street_Deco049	style/shared
Trad_Pod_Industrial_Street_Deco49Sub1	Trad_Pod_Industrial_Street_Deco049	style/shared
Trad_Pod_Industrial_Street_Deco050		style/shared
Trad_Pod_Industrial_Street_Deco051		style/shared
Trad_Pod_Industrial_Street_Deco052		style/shared
Trad_Pod_Industrial_Street_Deco053		style/shared
Placeable1		style/shared
Placeable2		style/shared
Placeable3		style/shared
Placeable4		style/shared
Placeable5		style/shared
Placeable7		style/shared
Placeable9		style/shared
Placeable10		style/shared
Placeable011		style/shared
ID_l100_Industrial_RoofBlock4		style/shared
ID_l100_Industrial_RoofBlock4Sub1	ID_l100_Industrial_RoofBlock4	style/shared
ID_l100_Industrial_RoofBlock4Sub2	ID_l100_Industrial_RoofBlock4	style/shared
ID_l100_Industrial_RoofBlock4Sub3	ID_l100_Industrial_RoofBlock4	style/shared
ID_l100_Industrial_RoofBlock4Sub6	ID_l100_Industrial_RoofBlock4Sub3	style/shared
ID_l100_Industrial_RoofBlock4Sub7	ID_l100_Industrial_RoofBlock4Sub3	style/shared
ID_l100_Industrial_RoofBlock4Sub8	ID_l100_Industrial_RoofBlock4Sub3	style/shared
ID_l100_Industrial_RoofBlock4Sub9	ID_l100_Industrial_RoofBlock4Sub3	style/shared
ID_l100_Industrial_RoofBlock4Sub10	ID_l100_Industrial_RoofBlock4Sub3	style/shared
ID_l100_Industrial_RoofBlock4Sub4	ID_l100_Industrial_RoofBlock4Sub3	style/shared
ID_l100_Industrial_RoofBlock4Sub5	ID_l100_Industrial_RoofBlock4Sub3	style/shared
Roof93		style/shared
Roof93Spin1	Roof93	style/shared
Roof94		style/shared
Roof095		style/shared
Roof96		style/shared
Roof96Sub1	Roof96	style/shared
Roof96Sub2	Roof96	style/shared
ID_l100_Industrial_RoofBlock2		style/shared
ID_l100_Industrial_RoofBlock2Sub10	ID_l100_Industrial_RoofBlock2	style/shared
ID_l100_Industrial_RoofBlock2Spin1	ID_l100_Industrial_RoofBlock2	style/shared
ID_l100_Industrial_RoofBlock2Sub8	ID_l100_Industrial_RoofBlock2Spin1	style/shared
ID_l100_Industrial_RoofBlock2Sub1	ID_l100_Industrial_RoofBlock2Spin1	style/shared
ID_l100_Industrial_RoofBlock2Sub2	ID_l100_Industrial_RoofBlock2Spin1	style/shared
ID_l100_Industrial_RoofBlock2Sub3	ID_l100_Industrial_RoofBlock2Spin1	style/shared
ID_l100_Industrial_RoofBlock2Sub4	ID_l100_Industrial_RoofBlock2Spin1	style/shared
ID_l100_Industrial_RoofBlock2Sub5	ID_l100_Industrial_RoofBlock2Spin1	style/shared
ID_l100_Industrial_RoofBlock2Sub6	ID_l100_Industrial_RoofBlock2Spin1	style/shared
ID_l100_Industrial_RoofBlock2Sub7	ID_l100_Industrial_RoofBlock2Spin1	style/shared
ID_l100_Industrial_RoofBlock2Sub9	ID_l100_Industrial_RoofBlock2	style/shared
ID_l100_Industrial_RoofBlock2Grab	ID_l100_Industrial_RoofBlock2Sub9	style/shared
ID_l100_Industrial_RoofBlock2Raise	ID_l100_Industrial_RoofBlock2	style/shared
Roof097		style/shared
Industrial_Pod_BaseAddition		style/shared
Industrial_Pod_Trad_RoofDeco23		style/shared
Trad_Pod_Industrial_Street_Deco055		style/shared
Trad_Pod_Industrial_Street_Deco054		style/shared
Trad_Pod_Industrial_Street_Deco058		style/shared
Industrial_Pod_Trad_RoofDeco032		style/shared
Trad_Pod_Industrial_Street_Deco057		style/shared
Trad_Pod_Industrial_Street_Deco056		style/shared
Trad_Pod_Industrial_Street_Deco059		style/shared
Trad_Pod_Industrial_Street_Deco060		style/shared
Trad_Pod_Industrial_Street_Deco061		style/shared
Trad_Pod_Industrial_Street_Deco062		style/shared
Office_Pod_Industrial_Roof14		style/shared
Office_Pod_Industrial_Roof15		style/shared
Office_Pod_Industrial_Roof16		style/shared
Placeable12		style/shared
Placeable13		style/shared
Placeable014		style/shared
Placeable015		style/shared
 Pod_Industrial_StreetYard_Deco061		style/shared
Placeable016		style/shared
Industrial_Pod_Office_Wall_Floor6		style/shared
Industrial_Pod_Office_Wall_Floor6Spin1	Industrial_Pod_Office_Wall_Floor6	style/shared
Trad_Pod_Industrial_Street_Deco63		style/shared
Trad_Pod_Industrial_Street_Deco63Sub01	Trad_Pod_Industrial_Street_Deco63	style/shared
Trad_Pod_Industrial_Street_Deco63Sub02	Trad_Pod_Industrial_Street_Deco63	style/shared
Trad_Pod_Industrial_Street_Deco63Sub03	Trad_Pod_Industrial_Street_Deco63	style/shared
Trad_Pod_Industrial_Street_Deco63Sub04	Trad_Pod_Industrial_Street_Deco63	style/shared
Trad_Pod_Industrial_Street_Deco63Sub05	Trad_Pod_Industrial_Street_Deco63	style/shared
Trad_Pod_Industrial_Street_Deco64		style/shared
Trad_Pod_Industrial_Street_Deco64Sub05	Trad_Pod_Industrial_Street_Deco64	style/shared
Trad_Pod_Industrial_Street_Deco64Sub01	Trad_Pod_Industrial_Street_Deco64	style/shared
Trad_Pod_Industrial_Street_Deco64Sub02	Trad_Pod_Industrial_Street_Deco64	style/shared
Trad_Pod_Industrial_Street_Deco64Sub03	Trad_Pod_Industrial_Street_Deco64	style/shared
Trad_Pod_Industrial_Street_Deco64Sub04	Trad_Pod_Industrial_Street_Deco64	style/shared
Trad_Pod_Industrial_Street_Deco065		style/shared
Trad_Pod_Industrial_Street_Deco065Sub01	Trad_Pod_Industrial_Street_Deco065	style/shared
Trad_Pod_Industrial_Street_Deco065Sub02	Trad_Pod_Industrial_Street_Deco065	style/shared
Trad_Pod_Industrial_Street_Deco065Sub03	Trad_Pod_Industrial_Street_Deco065	style/shared
Trad_Pod_Industrial_Street_Deco065Sub04	Trad_Pod_Industrial_Street_Deco065	style/shared
Trad_Pod_Industrial_Street_Deco065Sub05	Trad_Pod_Industrial_Street_Deco065	style/shared
Trad_Pod_Industrial_Street_Deco66		style/shared
Trad_Pod_Industrial_Street_Deco66Sub01	Trad_Pod_Industrial_Street_Deco66	style/shared
Trad_Pod_Industrial_Street_Deco66Sub02	Trad_Pod_Industrial_Street_Deco66	style/shared
Trad_Pod_Industrial_Street_Deco66Sub03	Trad_Pod_Industrial_Street_Deco66	style/shared
Trad_Pod_Industrial_Street_Deco66Sub04	Trad_Pod_Industrial_Street_Deco66	style/shared
Trad_Pod_Industrial_Street_Deco66Sub05	Trad_Pod_Industrial_Street_Deco66	style/shared
Placeable8		style/shared
Placeable017		style/shared
Placeable018		style/shared
Industrial_Pod_BaseDeco007		style/shared
Placeable019		style/shared
Placeable020		style/shared
Placeable021		style/shared
Office_Industrial_Pod_BaseDeco6		style/shared
Office_Industrial_Pod_BaseDeco007		style/shared
 Pod_Industrial_StreetYard_Deco44		style/shared
 Pod_Industrial_StreetYard_Deco37		style/shared
 Pod_Industrial_StreetYard_Deco37Sub1	 Pod_Industrial_StreetYard_Deco37	style/shared
 Pod_Industrial_StreetYard_Deco062		style/shared
Trad_Pod_Industrial_Street_Deco067		style/shared
Trad_Pod_Industrial_Street_Deco068		style/shared
Placeable023		style/shared
Placeable023Sub1	Placeable023	style/shared
Placeable023Sub002	Placeable023	style/shared
Placeable024		style/shared
Placeable024Sub1	Placeable024	style/shared
Placeable024Sub2	Placeable024	style/shared
Placeable022		style/shared
Placeable022Sub1	Placeable022	style/shared
Placeable022Sub002	Placeable022	style/shared
Office_Pod_Industrial_RoofDay021		style/shared
Office_Pod_Industrial_RoofNight021	Office_Pod_Industrial_RoofDay021	style/shared
Office_Pod_Industrial_RoofDay022		style/shared
Office_Pod_Industrial_RoofNight022	Office_Pod_Industrial_RoofDay022	style/shared
Office_Pod_Industrial_RoofDay023		style/shared
Office_Pod_Industrial_RoofNight023	Office_Pod_Industrial_RoofDay023	style/shared
Office_Pod_Industrial_RoofDay024		style/shared
Office_Pod_Industrial_RoofNight24	Office_Pod_Industrial_RoofDay024	style/shared
Office_Pod_Industrial_RoofDay025		style/shared
Office_Pod_Industrial_RoofNight25	Office_Pod_Industrial_RoofDay025	style/shared
Office_Pod_Industrial_RoofDay027		style/shared
Office_Pod_Industrial_RoofNight27	Office_Pod_Industrial_RoofDay027	style/shared
Office_Pod_Industrial_RoofDay028		style/shared
Office_Pod_Industrial_RoofNight28	Office_Pod_Industrial_RoofDay028	style/shared
Office_Pod_Industrial_RoofDay029		style/shared
Office_Pod_Industrial_RoofNight29	Office_Pod_Industrial_RoofDay029	style/shared
Office_Pod_Industrial_RoofDay30		style/shared
Office_Pod_Industrial_RoofNight30	Office_Pod_Industrial_RoofDay30	style/shared
Office_Pod_Industrial_RoofDay031		style/shared
Office_Pod_Industrial_RoofNight31	Office_Pod_Industrial_RoofDay031	style/shared
Office_Pod_Industrial_RoofDay32		style/shared
Office_Pod_Industrial_RoofNight32	Office_Pod_Industrial_RoofDay32	style/shared
Office_Pod_Industrial_RoofDay034		style/shared
Office_Pod_Industrial_RoofNight34	Office_Pod_Industrial_RoofDay034	style/shared
Office_Pod_Industrial_RoofDay035		style/shared
Office_Pod_Industrial_RoofNight035	Office_Pod_Industrial_RoofDay035	style/shared
Office_Pod_Industrial_RoofDay036		style/shared
Office_Pod_Industrial_RoofNight36	Office_Pod_Industrial_RoofDay036	style/shared
Office_Pod_Industrial_RoofDay037		style/shared
Office_Pod_Industrial_RoofNight37	Office_Pod_Industrial_RoofDay037	style/shared
Office_Pod_Industrial_RoofDay38		style/shared
Office_Pod_Industrial_RoofNight038	Office_Pod_Industrial_RoofDay38	style/shared
Office_Pod_Industrial_RoofDay39		style/shared
Office_Pod_Industrial_RoofNight39	Office_Pod_Industrial_RoofDay39	style/shared
Office_Pod_Industrial_RoofDay040		style/shared
Office_Pod_Industrial_RoofNight40	Office_Pod_Industrial_RoofDay040	style/shared
Office_Pod_Industrial_RoofDay041		style/shared
Office_Pod_Industrial_RoofNight041	Office_Pod_Industrial_RoofDay041	style/shared
