file	styles	source_nodes	kept_nodes	dependency_additions	status
house_asian_split_1_1	1+1	1400	1040	0	VALIDATED
house_asian_split_1_2	1+2	1400	1167	0	VALIDATED
house_asian_split_1_3	1+3	1400	1164	0	VALIDATED
house_asian_split_1_4	1+4	1400	1175	0	VALIDATED
house_asian_split_2_2	2+2	1400	940	0	VALIDATED
house_asian_split_2_3	2+3	1400	1146	0	VALIDATED
house_asian_split_2_4	2+4	1400	1212	0	VALIDATED
house_asian_split_3_3	3+3	1400	570	0	VALIDATED
house_asian_split_3_4	3+4	1400	1037	0	VALIDATED
house_asian_split_4_4	4+4	1400	734	0	VALIDATED
